<?xml version='1.0' encoding='utf-8'?>
<project xmlns:ns1="http://www.plcopen.org/xml/tc6_0201" xmlns:xhtml="http://www.w3.org/1999/xhtml" xmlns:xsd="http://www.w3.org/2001/XMLSchema" xmlns="http://www.plcopen.org/xml/tc6_0201">
  <fileHeader companyName="Unknown" productName="Unnamed" productVersion="1" creationDateTime="2023-09-28T21:31:41"/>
  <contentHeader name="Unnamed" modificationDateTime="2023-10-03T22:48:58">
    <coordinateInfo>
      <fbd>
        <scaling x="10" y="10"/>
      </fbd>
      <ld>
        <scaling x="10" y="10"/>
      </ld>
      <sfc>
        <scaling x="10" y="10"/>
      </sfc>
    </coordinateInfo>
  </contentHeader>
  <types>
    <dataTypes/>
    <pous>
      <pou name="program0" pouType="program">
        <interface>
          <localVars>
            <variable name="Start" address="%IX0.1">
              <type>
                <BOOL/>
              </type>
            </variable>
          </localVars>
          <localVars>
            <variable name="Stop">
              <type>
                <BOOL/>
              </type>
            </variable>
          </localVars>
          <localVars>
            <variable name="MotorBanda" address="%QX0.0">
              <type>
                <BOOL/>
              </type>
            </variable>
            <variable name="SensProximidadDispensador" address="%IX0.2">
              <type>
                <BOOL/>
              </type>
            </variable>
            <variable name="DispensadorJugo" address="%QX0.1">
              <type>
                <BOOL/>
              </type>
            </variable>
            <variable name="SensNivelJugo" address="%IX0.4">
              <type>
                <BOOL/>
              </type>
            </variable>
          </localVars>
          <localVars>
            <variable name="IR1">
              <type>
                <BOOL/>
              </type>
            </variable>
          </localVars>
          <localVars>
            <variable name="SensProximidadSellado" address="%IX0.3">
              <type>
                <BOOL/>
              </type>
            </variable>
            <variable name="MaqSellado" address="%QX0.2">
              <type>
                <BOOL/>
              </type>
            </variable>
            <variable name="SensPresion" address="%IX0.0">
              <type>
                <BOOL/>
              </type>
            </variable>
          </localVars>
          <localVars>
            <variable name="IR2">
              <type>
                <BOOL/>
              </type>
            </variable>
            <variable name="IR3">
              <type>
                <BOOL/>
              </type>
            </variable>
          </localVars>
        </interface>
        <body>
          <LD>
            <leftPowerRail localId="1" height="40" width="10">
              <position x="40" y="80"/>
              <connectionPointOut formalParameter="">
                <relPosition x="10" y="20"/>
              </connectionPointOut>
            </leftPowerRail>
            <contact localId="2" height="20" width="21" negated="false">
              <position x="180" y="90"/>
              <connectionPointIn>
                <relPosition x="0" y="10"/>
                <connection refLocalId="3">
                  <position x="180" y="100"/>
                  <position x="121" y="100"/>
                </connection>
              </connectionPointIn>
              <connectionPointOut>
                <relPosition x="21" y="10"/>
              </connectionPointOut>
              <variable>Start</variable>
            </contact>
            <contact localId="3" height="20" width="21" negated="true">
              <position x="100" y="90"/>
              <connectionPointIn>
                <relPosition x="0" y="10"/>
                <connection refLocalId="1">
                  <position x="100" y="100"/>
                  <position x="50" y="100"/>
                </connection>
              </connectionPointIn>
              <connectionPointOut>
                <relPosition x="21" y="10"/>
              </connectionPointOut>
              <variable>Stop</variable>
            </contact>
            <coil localId="4" height="20" width="21" negated="false">
              <position x="560" y="90"/>
              <connectionPointIn>
                <relPosition x="0" y="10"/>
                <connection refLocalId="53">
                  <position x="560" y="100"/>
                  <position x="301" y="100"/>
                </connection>
              </connectionPointIn>
              <connectionPointOut>
                <relPosition x="21" y="10"/>
              </connectionPointOut>
              <variable>MotorBanda</variable>
            </coil>
            <rightPowerRail localId="5" height="40" width="10">
              <position x="630" y="80"/>
              <connectionPointIn>
                <relPosition x="0" y="20"/>
                <connection refLocalId="4">
                  <position x="630" y="100"/>
                  <position x="581" y="100"/>
                </connection>
              </connectionPointIn>
            </rightPowerRail>
            <leftPowerRail localId="6" height="40" width="10">
              <position x="40" y="210"/>
              <connectionPointOut formalParameter="">
                <relPosition x="10" y="20"/>
              </connectionPointOut>
            </leftPowerRail>
            <contact localId="7" height="20" width="21" negated="true" executionOrderId="0">
              <position x="100" y="220"/>
              <connectionPointIn>
                <relPosition x="0" y="10"/>
                <connection refLocalId="6">
                  <position x="100" y="230"/>
                  <position x="50" y="230"/>
                </connection>
              </connectionPointIn>
              <connectionPointOut>
                <relPosition x="21" y="10"/>
              </connectionPointOut>
              <variable>Stop</variable>
            </contact>
            <contact localId="8" height="20" width="21" negated="false">
              <position x="250" y="220"/>
              <connectionPointIn>
                <relPosition x="0" y="10"/>
                <connection refLocalId="7">
                  <position x="250" y="230"/>
                  <position x="121" y="230"/>
                </connection>
              </connectionPointIn>
              <connectionPointOut>
                <relPosition x="21" y="10"/>
              </connectionPointOut>
              <variable>SensProximidadDispensador</variable>
            </contact>
            <rightPowerRail localId="10" height="40" width="10">
              <position x="630" y="210"/>
              <connectionPointIn>
                <relPosition x="0" y="20"/>
                <connection refLocalId="11">
                  <position x="630" y="230"/>
                  <position x="581" y="230"/>
                </connection>
              </connectionPointIn>
            </rightPowerRail>
            <coil localId="11" height="20" width="21" negated="false" storage="reset">
              <position x="560" y="220"/>
              <connectionPointIn>
                <relPosition x="0" y="10"/>
                <connection refLocalId="8">
                  <position x="560" y="230"/>
                  <position x="271" y="230"/>
                </connection>
              </connectionPointIn>
              <connectionPointOut>
                <relPosition x="21" y="10"/>
              </connectionPointOut>
              <variable>MotorBanda</variable>
            </coil>
            <leftPowerRail localId="9" height="40" width="10" executionOrderId="0">
              <position x="40" y="340"/>
              <connectionPointOut formalParameter="">
                <relPosition x="10" y="20"/>
              </connectionPointOut>
            </leftPowerRail>
            <contact localId="12" height="20" width="21" negated="true" executionOrderId="0">
              <position x="100" y="350"/>
              <connectionPointIn>
                <relPosition x="0" y="10"/>
                <connection refLocalId="9">
                  <position x="100" y="360"/>
                  <position x="50" y="360"/>
                </connection>
              </connectionPointIn>
              <connectionPointOut>
                <relPosition x="21" y="10"/>
              </connectionPointOut>
              <variable>Stop</variable>
            </contact>
            <contact localId="13" height="20" width="21" negated="false" executionOrderId="0">
              <position x="250" y="350"/>
              <connectionPointIn>
                <relPosition x="0" y="10"/>
                <connection refLocalId="12">
                  <position x="250" y="360"/>
                  <position x="121" y="360"/>
                </connection>
              </connectionPointIn>
              <connectionPointOut>
                <relPosition x="21" y="10"/>
              </connectionPointOut>
              <variable>SensProximidadDispensador</variable>
            </contact>
            <contact localId="14" height="20" width="21" negated="true">
              <position x="420" y="350"/>
              <connectionPointIn>
                <relPosition x="0" y="10"/>
                <connection refLocalId="13">
                  <position x="420" y="360"/>
                  <position x="271" y="360"/>
                </connection>
              </connectionPointIn>
              <connectionPointOut>
                <relPosition x="21" y="10"/>
              </connectionPointOut>
              <variable>MotorBanda</variable>
            </contact>
            <coil localId="15" height="20" width="21" negated="false" storage="set">
              <position x="560" y="350"/>
              <connectionPointIn>
                <relPosition x="0" y="10"/>
                <connection refLocalId="14">
                  <position x="560" y="360"/>
                  <position x="441" y="360"/>
                </connection>
              </connectionPointIn>
              <connectionPointOut>
                <relPosition x="21" y="10"/>
              </connectionPointOut>
              <variable>DispensadorJugo</variable>
            </coil>
            <rightPowerRail localId="16" height="40" width="10">
              <position x="630" y="340"/>
              <connectionPointIn>
                <relPosition x="0" y="20"/>
                <connection refLocalId="15">
                  <position x="630" y="360"/>
                  <position x="581" y="360"/>
                </connection>
              </connectionPointIn>
            </rightPowerRail>
            <leftPowerRail localId="17" height="40" width="10" executionOrderId="0">
              <position x="40" y="490"/>
              <connectionPointOut formalParameter="">
                <relPosition x="10" y="20"/>
              </connectionPointOut>
            </leftPowerRail>
            <contact localId="18" height="20" width="21" negated="true" executionOrderId="0">
              <position x="100" y="500"/>
              <connectionPointIn>
                <relPosition x="0" y="10"/>
                <connection refLocalId="17">
                  <position x="100" y="510"/>
                  <position x="50" y="510"/>
                </connection>
              </connectionPointIn>
              <connectionPointOut>
                <relPosition x="21" y="10"/>
              </connectionPointOut>
              <variable>Stop</variable>
            </contact>
            <contact localId="19" height="20" width="21" negated="false" executionOrderId="0">
              <position x="250" y="500"/>
              <connectionPointIn>
                <relPosition x="0" y="10"/>
                <connection refLocalId="18">
                  <position x="250" y="510"/>
                  <position x="121" y="510"/>
                </connection>
              </connectionPointIn>
              <connectionPointOut>
                <relPosition x="21" y="10"/>
              </connectionPointOut>
              <variable>SensNivelJugo</variable>
            </contact>
            <coil localId="20" height="20" width="21" negated="false" storage="reset">
              <position x="560" y="500"/>
              <connectionPointIn>
                <relPosition x="0" y="10"/>
                <connection refLocalId="19">
                  <position x="560" y="510"/>
                  <position x="271" y="510"/>
                </connection>
              </connectionPointIn>
              <connectionPointOut>
                <relPosition x="21" y="10"/>
              </connectionPointOut>
              <variable>DispensadorJugo</variable>
            </coil>
            <rightPowerRail localId="21" height="80" width="10">
              <position x="630" y="490"/>
              <connectionPointIn>
                <relPosition x="0" y="20"/>
                <connection refLocalId="25">
                  <position x="630" y="510"/>
                  <position x="605" y="510"/>
                  <position x="605" y="550"/>
                  <position x="581" y="550"/>
                </connection>
                <connection refLocalId="20">
                  <position x="630" y="510"/>
                  <position x="581" y="510"/>
                </connection>
              </connectionPointIn>
            </rightPowerRail>
            <leftPowerRail localId="22" height="40" width="10" executionOrderId="0">
              <position x="40" y="660"/>
              <connectionPointOut formalParameter="">
                <relPosition x="10" y="20"/>
              </connectionPointOut>
            </leftPowerRail>
            <contact localId="23" height="20" width="21" negated="true" executionOrderId="0">
              <position x="100" y="670"/>
              <connectionPointIn>
                <relPosition x="0" y="10"/>
                <connection refLocalId="22">
                  <position x="100" y="680"/>
                  <position x="50" y="680"/>
                </connection>
              </connectionPointIn>
              <connectionPointOut>
                <relPosition x="21" y="10"/>
              </connectionPointOut>
              <variable>Stop</variable>
            </contact>
            <contact localId="24" height="20" width="21" negated="true" executionOrderId="0">
              <position x="250" y="670"/>
              <connectionPointIn>
                <relPosition x="0" y="10"/>
                <connection refLocalId="23">
                  <position x="250" y="680"/>
                  <position x="121" y="680"/>
                </connection>
              </connectionPointIn>
              <connectionPointOut>
                <relPosition x="21" y="10"/>
              </connectionPointOut>
              <variable>DispensadorJugo</variable>
            </contact>
            <coil localId="25" height="20" width="21" negated="false">
              <position x="560" y="540"/>
              <connectionPointIn>
                <relPosition x="0" y="10"/>
                <connection refLocalId="19">
                  <position x="560" y="550"/>
                  <position x="400" y="550"/>
                  <position x="400" y="510"/>
                  <position x="271" y="510"/>
                </connection>
              </connectionPointIn>
              <connectionPointOut>
                <relPosition x="21" y="10"/>
              </connectionPointOut>
              <variable>IR1</variable>
            </coil>
            <contact localId="26" height="20" width="21" negated="false">
              <position x="350" y="670"/>
              <connectionPointIn>
                <relPosition x="0" y="10"/>
                <connection refLocalId="24">
                  <position x="350" y="680"/>
                  <position x="271" y="680"/>
                </connection>
              </connectionPointIn>
              <connectionPointOut>
                <relPosition x="21" y="10"/>
              </connectionPointOut>
              <variable>IR1</variable>
            </contact>
            <coil localId="27" height="20" width="21" negated="false" storage="set">
              <position x="560" y="670"/>
              <connectionPointIn>
                <relPosition x="0" y="10"/>
                <connection refLocalId="26">
                  <position x="560" y="680"/>
                  <position x="371" y="680"/>
                </connection>
              </connectionPointIn>
              <connectionPointOut>
                <relPosition x="21" y="10"/>
              </connectionPointOut>
              <variable>MotorBanda</variable>
            </coil>
            <rightPowerRail localId="28" height="40" width="10">
              <position x="630" y="660"/>
              <connectionPointIn>
                <relPosition x="0" y="20"/>
                <connection refLocalId="27">
                  <position x="630" y="680"/>
                  <position x="581" y="680"/>
                </connection>
              </connectionPointIn>
            </rightPowerRail>
            <leftPowerRail localId="29" height="40" width="10" executionOrderId="0">
              <position x="40" y="830"/>
              <connectionPointOut formalParameter="">
                <relPosition x="10" y="20"/>
              </connectionPointOut>
            </leftPowerRail>
            <contact localId="30" height="20" width="21" negated="true" executionOrderId="0">
              <position x="100" y="840"/>
              <connectionPointIn>
                <relPosition x="0" y="10"/>
                <connection refLocalId="29">
                  <position x="100" y="850"/>
                  <position x="50" y="850"/>
                </connection>
              </connectionPointIn>
              <connectionPointOut>
                <relPosition x="21" y="10"/>
              </connectionPointOut>
              <variable>Stop</variable>
            </contact>
            <contact localId="31" height="20" width="21" negated="false">
              <position x="240" y="840"/>
              <connectionPointIn>
                <relPosition x="0" y="10"/>
                <connection refLocalId="30">
                  <position x="240" y="850"/>
                  <position x="121" y="850"/>
                </connection>
              </connectionPointIn>
              <connectionPointOut>
                <relPosition x="21" y="10"/>
              </connectionPointOut>
              <variable>SensProximidadSellado</variable>
            </contact>
            <rightPowerRail localId="32" height="40" width="10" executionOrderId="0">
              <position x="630" y="830"/>
              <connectionPointIn>
                <relPosition x="0" y="20"/>
                <connection refLocalId="33">
                  <position x="630" y="850"/>
                  <position x="581" y="850"/>
                </connection>
              </connectionPointIn>
            </rightPowerRail>
            <coil localId="33" height="20" width="21" negated="false" storage="reset" executionOrderId="0">
              <position x="560" y="840"/>
              <connectionPointIn>
                <relPosition x="0" y="10"/>
                <connection refLocalId="31">
                  <position x="560" y="850"/>
                  <position x="261" y="850"/>
                </connection>
              </connectionPointIn>
              <connectionPointOut>
                <relPosition x="21" y="10"/>
              </connectionPointOut>
              <variable>MotorBanda</variable>
            </coil>
            <leftPowerRail localId="34" height="40" width="10" executionOrderId="0">
              <position x="40" y="980"/>
              <connectionPointOut formalParameter="">
                <relPosition x="10" y="20"/>
              </connectionPointOut>
            </leftPowerRail>
            <contact localId="35" height="20" width="21" negated="true" executionOrderId="0">
              <position x="100" y="990"/>
              <connectionPointIn>
                <relPosition x="0" y="10"/>
                <connection refLocalId="34">
                  <position x="100" y="1000"/>
                  <position x="50" y="1000"/>
                </connection>
              </connectionPointIn>
              <connectionPointOut>
                <relPosition x="21" y="10"/>
              </connectionPointOut>
              <variable>Stop</variable>
            </contact>
            <contact localId="36" height="20" width="21" negated="false" executionOrderId="0">
              <position x="250" y="990"/>
              <connectionPointIn>
                <relPosition x="0" y="10"/>
                <connection refLocalId="35">
                  <position x="250" y="1000"/>
                  <position x="121" y="1000"/>
                </connection>
              </connectionPointIn>
              <connectionPointOut>
                <relPosition x="21" y="10"/>
              </connectionPointOut>
              <variable>SensProximidadSellado</variable>
            </contact>
            <contact localId="37" height="20" width="21" negated="true" executionOrderId="0">
              <position x="420" y="990"/>
              <connectionPointIn>
                <relPosition x="0" y="10"/>
                <connection refLocalId="36">
                  <position x="420" y="1000"/>
                  <position x="271" y="1000"/>
                </connection>
              </connectionPointIn>
              <connectionPointOut>
                <relPosition x="21" y="10"/>
              </connectionPointOut>
              <variable>MotorBanda</variable>
            </contact>
            <coil localId="38" height="20" width="21" negated="false" executionOrderId="0" storage="set">
              <position x="560" y="990"/>
              <connectionPointIn>
                <relPosition x="0" y="10"/>
                <connection refLocalId="37">
                  <position x="560" y="1000"/>
                  <position x="441" y="1000"/>
                </connection>
              </connectionPointIn>
              <connectionPointOut>
                <relPosition x="21" y="10"/>
              </connectionPointOut>
              <variable>MaqSellado</variable>
            </coil>
            <rightPowerRail localId="39" height="40" width="10" executionOrderId="0">
              <position x="630" y="980"/>
              <connectionPointIn>
                <relPosition x="0" y="20"/>
                <connection refLocalId="38">
                  <position x="630" y="1000"/>
                  <position x="581" y="1000"/>
                </connection>
              </connectionPointIn>
            </rightPowerRail>
            <leftPowerRail localId="40" height="40" width="10" executionOrderId="0">
              <position x="40" y="1120"/>
              <connectionPointOut formalParameter="">
                <relPosition x="10" y="20"/>
              </connectionPointOut>
            </leftPowerRail>
            <contact localId="41" height="20" width="21" negated="true" executionOrderId="0">
              <position x="100" y="1130"/>
              <connectionPointIn>
                <relPosition x="0" y="10"/>
                <connection refLocalId="40">
                  <position x="100" y="1140"/>
                  <position x="50" y="1140"/>
                </connection>
              </connectionPointIn>
              <connectionPointOut>
                <relPosition x="21" y="10"/>
              </connectionPointOut>
              <variable>Stop</variable>
            </contact>
            <contact localId="42" height="20" width="21" negated="false" executionOrderId="0">
              <position x="250" y="1130"/>
              <connectionPointIn>
                <relPosition x="0" y="10"/>
                <connection refLocalId="41">
                  <position x="250" y="1140"/>
                  <position x="121" y="1140"/>
                </connection>
              </connectionPointIn>
              <connectionPointOut>
                <relPosition x="21" y="10"/>
              </connectionPointOut>
              <variable>SensPresion</variable>
            </contact>
            <coil localId="43" height="20" width="21" negated="false" storage="reset" executionOrderId="0">
              <position x="560" y="1130"/>
              <connectionPointIn>
                <relPosition x="0" y="10"/>
                <connection refLocalId="42">
                  <position x="560" y="1140"/>
                  <position x="271" y="1140"/>
                </connection>
              </connectionPointIn>
              <connectionPointOut>
                <relPosition x="21" y="10"/>
              </connectionPointOut>
              <variable>MaqSellado</variable>
            </coil>
            <rightPowerRail localId="44" height="80" width="10" executionOrderId="0">
              <position x="630" y="1120"/>
              <connectionPointIn>
                <relPosition x="0" y="20"/>
                <connection refLocalId="45">
                  <position x="630" y="1140"/>
                  <position x="605" y="1140"/>
                  <position x="605" y="1180"/>
                  <position x="581" y="1180"/>
                </connection>
                <connection refLocalId="43">
                  <position x="630" y="1140"/>
                  <position x="581" y="1140"/>
                </connection>
              </connectionPointIn>
            </rightPowerRail>
            <coil localId="45" height="20" width="21" negated="false" executionOrderId="0">
              <position x="560" y="1170"/>
              <connectionPointIn>
                <relPosition x="0" y="10"/>
                <connection refLocalId="42">
                  <position x="560" y="1180"/>
                  <position x="400" y="1180"/>
                  <position x="400" y="1140"/>
                  <position x="271" y="1140"/>
                </connection>
              </connectionPointIn>
              <connectionPointOut>
                <relPosition x="21" y="10"/>
              </connectionPointOut>
              <variable>IR2</variable>
            </coil>
            <leftPowerRail localId="46" height="40" width="10" executionOrderId="0">
              <position x="40" y="1310"/>
              <connectionPointOut formalParameter="">
                <relPosition x="10" y="20"/>
              </connectionPointOut>
            </leftPowerRail>
            <contact localId="47" height="20" width="21" negated="true" executionOrderId="0">
              <position x="100" y="1320"/>
              <connectionPointIn>
                <relPosition x="0" y="10"/>
                <connection refLocalId="46">
                  <position x="100" y="1330"/>
                  <position x="50" y="1330"/>
                </connection>
              </connectionPointIn>
              <connectionPointOut>
                <relPosition x="21" y="10"/>
              </connectionPointOut>
              <variable>Stop</variable>
            </contact>
            <contact localId="48" height="20" width="21" negated="true" executionOrderId="0">
              <position x="250" y="1320"/>
              <connectionPointIn>
                <relPosition x="0" y="10"/>
                <connection refLocalId="47">
                  <position x="250" y="1330"/>
                  <position x="121" y="1330"/>
                </connection>
              </connectionPointIn>
              <connectionPointOut>
                <relPosition x="21" y="10"/>
              </connectionPointOut>
              <variable>MaqSellado</variable>
            </contact>
            <contact localId="49" height="20" width="21" negated="false" executionOrderId="0">
              <position x="350" y="1320"/>
              <connectionPointIn>
                <relPosition x="0" y="10"/>
                <connection refLocalId="48">
                  <position x="350" y="1330"/>
                  <position x="271" y="1330"/>
                </connection>
              </connectionPointIn>
              <connectionPointOut>
                <relPosition x="21" y="10"/>
              </connectionPointOut>
              <variable>IR2</variable>
            </contact>
            <coil localId="50" height="20" width="21" negated="false" storage="set" executionOrderId="0">
              <position x="560" y="1320"/>
              <connectionPointIn>
                <relPosition x="0" y="10"/>
                <connection refLocalId="49">
                  <position x="560" y="1330"/>
                  <position x="371" y="1330"/>
                </connection>
              </connectionPointIn>
              <connectionPointOut>
                <relPosition x="21" y="10"/>
              </connectionPointOut>
              <variable>MotorBanda</variable>
            </coil>
            <rightPowerRail localId="51" height="70" width="10" executionOrderId="0">
              <position x="630" y="1310"/>
              <connectionPointIn>
                <relPosition x="0" y="20"/>
                <connection refLocalId="50">
                  <position x="630" y="1330"/>
                  <position x="581" y="1330"/>
                </connection>
                <connection refLocalId="52">
                  <position x="630" y="1330"/>
                  <position x="605" y="1330"/>
                  <position x="605" y="1380"/>
                  <position x="581" y="1380"/>
                </connection>
              </connectionPointIn>
            </rightPowerRail>
            <coil localId="52" height="20" width="21" negated="false">
              <position x="560" y="1370"/>
              <connectionPointIn>
                <relPosition x="0" y="10"/>
                <connection refLocalId="49">
                  <position x="560" y="1380"/>
                  <position x="420" y="1380"/>
                  <position x="420" y="1330"/>
                  <position x="371" y="1330"/>
                </connection>
              </connectionPointIn>
              <connectionPointOut>
                <relPosition x="21" y="10"/>
              </connectionPointOut>
              <variable>IR3</variable>
            </coil>
            <contact localId="53" height="20" width="21" negated="true">
              <position x="280" y="90"/>
              <connectionPointIn>
                <relPosition x="0" y="10"/>
                <connection refLocalId="2">
                  <position x="280" y="100"/>
                  <position x="201" y="100"/>
                </connection>
              </connectionPointIn>
              <connectionPointOut>
                <relPosition x="21" y="10"/>
              </connectionPointOut>
              <variable>IR3</variable>
            </contact>
            <comment localId="54" height="40" width="600">
              <position x="40" y="30"/>
              <content>
                <xhtml:p><![CDATA[Paso 1: Encender el motor de la banda transportadora.]]></xhtml:p>
              </content>
            </comment>
            <comment localId="55" height="60" width="600">
              <position x="40" y="130"/>
              <content>
                <xhtml:p><![CDATA[Paso 2: Detener el motor una vez el sensor de proximidad del dispensador se enciende]]></xhtml:p>
              </content>
            </comment>
            <comment localId="56" height="60" width="600">
              <position x="40" y="260"/>
              <content>
                <xhtml:p><![CDATA[Paso 3: Encender el Dispensador de jugo una vez el motor está apagado y
sensor de próximidad encendido]]></xhtml:p>
              </content>
            </comment>
            <comment localId="57" height="60" width="600">
              <position x="40" y="400"/>
              <content>
                <xhtml:p><![CDATA[Paso 4: Detener el Dispensador de jugo una vez el sensor de nivel se activa]]></xhtml:p>
              </content>
            </comment>
            <comment localId="58" height="60" width="600">
              <position x="40" y="580"/>
              <content>
                <xhtml:p><![CDATA[Paso 5: Volver a encender el motor de la banda transportadora una vez se completó el proceso anterior.]]></xhtml:p>
              </content>
            </comment>
            <comment localId="59" height="60" width="600">
              <position x="40" y="730"/>
              <content>
                <xhtml:p><![CDATA[Paso 6: Detener el motor de la banda transportadora una vez se active el sensor de próximidad de la maquina de sellado.]]></xhtml:p>
              </content>
            </comment>
            <comment localId="60" height="60" width="600">
              <position x="40" y="900"/>
              <content>
                <xhtml:p><![CDATA[Paso 7: Encender la máquina de sellado una vez se haya detenido el motor de la banda transportadora y el sensor de próximidad esté encendido]]></xhtml:p>
              </content>
            </comment>
            <comment localId="61" height="60" width="600">
              <position x="40" y="1040"/>
              <content>
                <xhtml:p><![CDATA[Paso 8: Detener la máquina de sellado una vez se active el sensor de
presión significando que se tapó correctamente la botella.]]></xhtml:p>
              </content>
            </comment>
            <comment localId="62" height="60" width="600">
              <position x="40" y="1220"/>
              <content>
                <xhtml:p><![CDATA[Paso 9: Encender el motor de la banda transportadora una vez se haya
completado el proceso anterior.]]></xhtml:p>
              </content>
            </comment>
          </LD>
        </body>
      </pou>
    </pous>
  </types>
  <instances>
    <configurations>
      <configuration name="Config0">
        <resource name="Res0">
          <task name="task0" priority="0" interval="T#20ms">
            <pouInstance name="instance0" typeName="program0"/>
          </task>
        </resource>
      </configuration>
    </configurations>
  </instances>
</project>
